order_id,date,time
1,01/01/2015,11:38:36
2,01/01/2015,11:57:40
3,01/01/2015,12:12:28
4,01/01/2015,12:16:31
5,01/01/2015,12:21:30
6,01/01/2015,12:29:36
7,01/01/2015,12:50:37
8,01/01/2015,12:51:37
9,01/01/2015,12:52:01
10,01/01/2015,13:00:15
11,01/01/2015,13:02:59
12,01/01/2015,13:04:41
13,01/01/2015,13:11:55
14,01/01/2015,13:14:19
15,01/01/2015,13:33:00
16,01/01/2015,13:34:07
17,01/01/2015,13:53:00
18,01/01/2015,13:57:08
19,01/01/2015,13:59:09
20,01/01/2015,14:03:08
21,01/01/2015,14:14:29
22,01/01/2015,14:16:26
23,01/01/2015,14:19:03
24,01/01/2015,14:23:01
25,01/01/2015,14:44:44
26,01/01/2015,14:54:26
27,01/01/2015,15:11:17
28,01/01/2015,15:35:46
29,01/01/2015,15:41:01
30,01/01/2015,15:41:25
31,01/01/2015,15:50:18
32,01/01/2015,15:53:18
33,01/01/2015,15:54:08
34,01/01/2015,16:21:21
35,01/01/2015,16:32:04
36,01/01/2015,16:54:09
37,01/01/2015,16:56:09
38,01/01/2015,17:03:00
39,01/01/2015,17:07:23
40,01/01/2015,17:14:36
41,01/01/2015,17:15:20
42,01/01/2015,17:28:09
43,01/01/2015,17:38:34
44,01/01/2015,17:54:20
45,01/01/2015,17:55:48
46,01/01/2015,18:25:51
47,01/01/2015,18:26:34
48,01/01/2015,18:26:42
49,01/01/2015,18:33:00
50,01/01/2015,18:41:01
51,01/01/2015,18:48:28
52,01/01/2015,18:53:02
53,01/01/2015,18:54:17
54,01/01/2015,19:01:45
55,01/01/2015,19:03:19
56,01/01/2015,19:07:00
57,01/01/2015,19:10:51
58,01/01/2015,19:30:40
59,01/01/2015,19:40:08
60,01/01/2015,20:05:16
61,01/01/2015,20:08:43
62,01/01/2015,20:50:16
63,01/01/2015,20:51:42
64,01/01/2015,20:52:08
65,01/01/2015,21:16:00
66,01/01/2015,21:47:55
67,01/01/2015,22:03:40
68,01/01/2015,22:07:32
69,01/01/2015,22:12:13
70,02/01/2015,11:38:51
71,02/01/2015,11:40:50
72,02/01/2015,11:57:25
73,02/01/2015,11:58:56
74,02/01/2015,12:01:12
75,02/01/2015,12:10:15
76,02/01/2015,12:21:17
77,02/01/2015,12:22:46
78,02/01/2015,12:28:14
79,02/01/2015,12:29:11
80,02/01/2015,12:35:38
81,02/01/2015,12:40:01
82,02/01/2015,12:45:51
83,02/01/2015,12:53:27
84,02/01/2015,13:13:41
85,02/01/2015,13:34:49
86,02/01/2015,13:40:31
87,02/01/2015,14:01:02
88,02/01/2015,14:10:08
89,02/01/2015,14:30:19
90,02/01/2015,15:08:48
91,02/01/2015,15:14:43
92,02/01/2015,15:17:02
93,02/01/2015,15:29:31
94,02/01/2015,16:17:16
95,02/01/2015,16:18:04
96,02/01/2015,16:21:20
97,02/01/2015,16:45:33
98,02/01/2015,17:18:18
99,02/01/2015,17:45:42
100,02/01/2015,17:46:17
101,02/01/2015,17:51:33
102,02/01/2015,17:54:04
103,02/01/2015,18:02:09
104,02/01/2015,18:02:12
105,02/01/2015,18:12:01
106,02/01/2015,18:12:13
107,02/01/2015,18:25:09
108,02/01/2015,18:25:25
109,02/01/2015,18:27:50
110,02/01/2015,18:36:19
111,02/01/2015,18:38:01
112,02/01/2015,18:41:40
113,02/01/2015,18:50:21
114,02/01/2015,18:59:32
115,02/01/2015,19:05:17
116,02/01/2015,19:18:49
117,02/01/2015,19:23:02
118,02/01/2015,19:26:59
119,02/01/2015,19:32:29
120,02/01/2015,19:35:07
121,02/01/2015,19:38:48
122,02/01/2015,19:50:19
123,02/01/2015,20:12:09
124,02/01/2015,20:12:34
125,02/01/2015,20:31:06
126,02/01/2015,20:53:42
127,02/01/2015,20:58:23
128,02/01/2015,21:05:06
129,02/01/2015,21:13:02
130,02/01/2015,21:14:55
131,02/01/2015,21:33:10
132,02/01/2015,21:42:45
133,02/01/2015,22:00:17
134,02/01/2015,22:13:24
135,02/01/2015,22:29:34
136,02/01/2015,22:32:49
137,03/01/2015,11:34:10
138,03/01/2015,11:44:50
139,03/01/2015,11:57:39
140,03/01/2015,12:26:44
141,03/01/2015,13:16:01
142,03/01/2015,13:33:59
143,03/01/2015,13:41:36
144,03/01/2015,13:44:28
145,03/01/2015,13:53:48
146,03/01/2015,14:22:10
147,03/01/2015,14:32:51
148,03/01/2015,14:40:42
149,03/01/2015,14:48:45
150,03/01/2015,14:49:58
151,03/01/2015,15:09:34
152,03/01/2015,15:09:42
153,03/01/2015,15:16:34
154,03/01/2015,15:22:43
155,03/01/2015,15:28:59
156,03/01/2015,15:42:19
157,03/01/2015,15:43:03
158,03/01/2015,15:54:30
159,03/01/2015,15:59:22
160,03/01/2015,16:35:33
161,03/01/2015,16:43:46
162,03/01/2015,16:51:22
163,03/01/2015,16:54:54
164,03/01/2015,16:56:33
165,03/01/2015,16:57:37
166,03/01/2015,16:58:51
167,03/01/2015,17:00:49
168,03/01/2015,17:02:27
169,03/01/2015,17:15:48
170,03/01/2015,17:21:31
171,03/01/2015,17:23:03
172,03/01/2015,17:29:24
173,03/01/2015,17:35:30
174,03/01/2015,17:37:49
175,03/01/2015,17:50:51
176,03/01/2015,17:51:57
177,03/01/2015,17:54:36
178,03/01/2015,18:15:03
179,03/01/2015,18:20:14
180,03/01/2015,18:33:34
181,03/01/2015,18:49:32
182,03/01/2015,18:50:10
183,03/01/2015,18:54:55
184,03/01/2015,18:59:05
185,03/01/2015,19:08:33
186,03/01/2015,19:36:00
187,03/01/2015,19:37:12
188,03/01/2015,20:08:39
189,03/01/2015,20:12:14
190,03/01/2015,20:14:23
191,03/01/2015,20:24:50
192,03/01/2015,20:30:08
193,03/01/2015,20:55:47
194,03/01/2015,21:21:24
195,03/01/2015,21:25:20
196,03/01/2015,21:40:14
197,03/01/2015,21:47:48
198,03/01/2015,21:55:42
199,03/01/2015,22:10:38
200,03/01/2015,22:24:05
201,03/01/2015,22:29:59
202,03/01/2015,22:50:29
203,04/01/2015,11:30:48
204,04/01/2015,11:36:25
205,04/01/2015,11:43:54
206,04/01/2015,11:45:10
207,04/01/2015,12:03:58
208,04/01/2015,12:12:05
209,04/01/2015,12:29:17
210,04/01/2015,12:34:13
211,04/01/2015,12:54:20
212,04/01/2015,13:16:03
213,04/01/2015,13:20:39
214,04/01/2015,13:39:16
215,04/01/2015,13:44:49
216,04/01/2015,14:31:56
217,04/01/2015,14:35:03
218,04/01/2015,14:35:11
219,04/01/2015,14:42:01
220,04/01/2015,15:31:59
221,04/01/2015,15:33:18
222,04/01/2015,15:46:38
223,04/01/2015,16:08:20
224,04/01/2015,16:39:58
225,04/01/2015,16:41:48
226,04/01/2015,16:59:39
227,04/01/2015,17:24:39
228,04/01/2015,17:31:24
229,04/01/2015,17:37:57
230,04/01/2015,17:58:38
231,04/01/2015,18:04:18
232,04/01/2015,18:21:59
233,04/01/2015,18:26:51
234,04/01/2015,18:36:09
235,04/01/2015,18:51:30
236,04/01/2015,19:21:04
237,04/01/2015,19:27:48
238,04/01/2015,19:45:15
239,04/01/2015,19:57:52
240,04/01/2015,20:10:24
241,04/01/2015,20:11:25
242,04/01/2015,20:15:29
243,04/01/2015,20:26:17
244,04/01/2015,20:26:22
245,04/01/2015,20:28:41
246,04/01/2015,20:30:48
247,04/01/2015,20:55:29
248,04/01/2015,20:58:19
249,04/01/2015,21:06:16
250,04/01/2015,21:07:05
251,04/01/2015,21:10:05
252,04/01/2015,22:13:15
253,04/01/2015,22:16:18
254,04/01/2015,22:22:13
255,05/01/2015,11:23:35
256,05/01/2015,11:56:06
257,05/01/2015,11:59:04
258,05/01/2015,11:59:23
259,05/01/2015,12:04:25
260,05/01/2015,12:06:27
261,05/01/2015,12:38:29
262,05/01/2015,12:42:01
263,05/01/2015,12:57:22
264,05/01/2015,13:03:59
265,05/01/2015,13:04:42
266,05/01/2015,13:09:29
267,05/01/2015,13:37:50
268,05/01/2015,13:40:46
269,05/01/2015,13:49:34
270,05/01/2015,14:09:02
271,05/01/2015,14:22:19
272,05/01/2015,14:24:05
273,05/01/2015,14:28:00
274,05/01/2015,14:36:33
275,05/01/2015,14:38:14
276,05/01/2015,15:18:18
277,05/01/2015,15:41:50
278,05/01/2015,15:49:21
279,05/01/2015,16:07:03
280,05/01/2015,16:20:23
281,05/01/2015,16:33:48
282,05/01/2015,16:49:38
283,05/01/2015,16:51:43
284,05/01/2015,16:58:16
285,05/01/2015,16:58:38
286,05/01/2015,17:01:23
287,05/01/2015,17:30:09
288,05/01/2015,17:32:44
289,05/01/2015,17:36:23
290,05/01/2015,17:41:16
291,05/01/2015,17:44:39
292,05/01/2015,17:48:59
293,05/01/2015,17:58:38
294,05/01/2015,18:16:35
295,05/01/2015,18:20:12
296,05/01/2015,18:46:54
297,05/01/2015,19:02:18
298,05/01/2015,19:10:36
299,05/01/2015,19:34:31
300,05/01/2015,19:42:54
301,05/01/2015,19:45:58
302,05/01/2015,19:57:37
303,05/01/2015,20:02:51
304,05/01/2015,20:07:58
305,05/01/2015,20:35:40
306,05/01/2015,20:37:40
307,05/01/2015,21:45:38
308,05/01/2015,21:59:46
309,06/01/2015,11:39:06
310,06/01/2015,11:40:48
311,06/01/2015,11:57:27
312,06/01/2015,12:05:21
313,06/01/2015,12:09:09
314,06/01/2015,12:11:58
315,06/01/2015,12:17:40
316,06/01/2015,12:29:34
317,06/01/2015,12:31:00
318,06/01/2015,12:45:14
319,06/01/2015,12:46:22
320,06/01/2015,12:46:40
321,06/01/2015,12:56:21
322,06/01/2015,13:02:13
323,06/01/2015,13:05:33
324,06/01/2015,13:06:44
325,06/01/2015,13:07:32
326,06/01/2015,13:10:13
327,06/01/2015,13:10:54
328,06/01/2015,13:16:35
329,06/01/2015,13:22:44
330,06/01/2015,13:27:11
331,06/01/2015,13:43:30
332,06/01/2015,14:12:01
333,06/01/2015,14:16:36
334,06/01/2015,14:24:18
335,06/01/2015,14:24:47
336,06/01/2015,14:51:41
337,06/01/2015,15:03:12
338,06/01/2015,15:18:26
339,06/01/2015,15:25:13
340,06/01/2015,15:35:32
341,06/01/2015,15:35:47
342,06/01/2015,15:44:12
343,06/01/2015,15:45:37
344,06/01/2015,16:01:11
345,06/01/2015,16:01:47
346,06/01/2015,16:30:00
347,06/01/2015,16:37:17
348,06/01/2015,16:49:12
349,06/01/2015,17:25:58
350,06/01/2015,17:37:05
351,06/01/2015,17:37:29
352,06/01/2015,17:45:48
353,06/01/2015,17:59:48
354,06/01/2015,18:01:44
355,06/01/2015,18:14:45
356,06/01/2015,18:16:05
357,06/01/2015,18:27:58
358,06/01/2015,18:30:12
359,06/01/2015,18:33:08
360,06/01/2015,18:50:38
361,06/01/2015,19:12:38
362,06/01/2015,19:13:36
363,06/01/2015,19:20:31
364,06/01/2015,19:27:24
365,06/01/2015,19:37:26
366,06/01/2015,20:04:20
367,06/01/2015,20:05:12
368,06/01/2015,20:28:16
369,06/01/2015,20:30:06
370,06/01/2015,21:02:30
371,06/01/2015,21:15:20
372,06/01/2015,22:26:59
373,07/01/2015,11:45:18
374,07/01/2015,11:55:59
375,07/01/2015,11:58:36
376,07/01/2015,12:01:17
377,07/01/2015,12:03:18
378,07/01/2015,12:19:37
379,07/01/2015,12:25:37
380,07/01/2015,12:32:10
381,07/01/2015,12:33:06
382,07/01/2015,12:33:07
383,07/01/2015,12:43:59
384,07/01/2015,12:51:46
385,07/01/2015,12:54:19
386,07/01/2015,12:58:16
387,07/01/2015,13:03:14
388,07/01/2015,13:04:56
389,07/01/2015,13:10:17
390,07/01/2015,13:15:32
391,07/01/2015,13:25:31
392,07/01/2015,13:36:47
393,07/01/2015,13:48:31
394,07/01/2015,14:02:18
395,07/01/2015,14:11:08
396,07/01/2015,14:12:21
397,07/01/2015,14:31:10
398,07/01/2015,14:56:26
399,07/01/2015,15:47:49
400,07/01/2015,16:03:07
401,07/01/2015,16:08:35
402,07/01/2015,16:24:46
403,07/01/2015,16:26:10
404,07/01/2015,16:39:27
405,07/01/2015,16:44:16
406,07/01/2015,16:50:49
407,07/01/2015,16:56:42
408,07/01/2015,17:09:09
409,07/01/2015,17:15:04
410,07/01/2015,17:33:49
411,07/01/2015,17:58:09
412,07/01/2015,18:07:46
413,07/01/2015,18:11:32
414,07/01/2015,18:13:22
415,07/01/2015,18:16:23
416,07/01/2015,18:17:42
417,07/01/2015,18:24:40
418,07/01/2015,18:40:11
419,07/01/2015,19:02:31
420,07/01/2015,19:04:40
421,07/01/2015,19:21:58
422,07/01/2015,19:30:25
423,07/01/2015,19:45:07
424,07/01/2015,20:01:28
425,07/01/2015,20:21:19
426,07/01/2015,20:25:45
427,07/01/2015,21:49:00
428,07/01/2015,22:05:00
429,07/01/2015,22:16:53
430,07/01/2015,22:46:13
431,08/01/2015,11:17:13
432,08/01/2015,11:39:07
433,08/01/2015,11:49:50
434,08/01/2015,11:54:14
435,08/01/2015,12:06:09
436,08/01/2015,12:07:21
437,08/01/2015,12:07:54
438,08/01/2015,12:08:38
439,08/01/2015,12:13:08
440,08/01/2015,12:16:34
441,08/01/2015,12:16:58
442,08/01/2015,12:28:49
443,08/01/2015,12:34:20
444,08/01/2015,12:40:05
445,08/01/2015,12:57:39
446,08/01/2015,12:58:01
447,08/01/2015,13:02:00
448,08/01/2015,13:03:34
449,08/01/2015,13:04:15
450,08/01/2015,13:07:53
451,08/01/2015,13:19:06
452,08/01/2015,13:24:11
453,08/01/2015,13:27:14
454,08/01/2015,13:31:40
455,08/01/2015,13:39:14
456,08/01/2015,13:47:53
457,08/01/2015,13:59:04
458,08/01/2015,14:00:05
459,08/01/2015,14:14:02
460,08/01/2015,14:19:58
461,08/01/2015,14:21:19
462,08/01/2015,14:38:41
463,08/01/2015,14:40:28
464,08/01/2015,14:49:01
465,08/01/2015,14:55:23
466,08/01/2015,15:30:10
467,08/01/2015,15:33:13
468,08/01/2015,15:36:12
469,08/01/2015,15:37:18
470,08/01/2015,15:49:13
471,08/01/2015,16:20:26
472,08/01/2015,16:29:50
473,08/01/2015,16:41:27
474,08/01/2015,16:47:48
475,08/01/2015,17:15:17
476,08/01/2015,17:27:56
477,08/01/2015,17:30:04
478,08/01/2015,17:35:56
479,08/01/2015,17:37:03
480,08/01/2015,17:41:31
481,08/01/2015,17:41:37
482,08/01/2015,17:52:42
483,08/01/2015,17:54:05
484,08/01/2015,18:02:54
485,08/01/2015,18:07:31
486,08/01/2015,18:15:08
487,08/01/2015,18:30:16
488,08/01/2015,18:46:02
489,08/01/2015,18:48:43
490,08/01/2015,18:49:24
491,08/01/2015,19:01:12
492,08/01/2015,19:06:21
493,08/01/2015,19:31:47
494,08/01/2015,19:38:40
495,08/01/2015,19:42:52
496,08/01/2015,19:46:18
497,08/01/2015,19:49:26
498,08/01/2015,20:02:25
499,08/01/2015,21:10:46
500,08/01/2015,21:46:49
501,08/01/2015,21:51:31
502,08/01/2015,22:26:08
503,09/01/2015,11:16:21
504,09/01/2015,11:48:18
505,09/01/2015,11:55:10
506,09/01/2015,12:02:09
507,09/01/2015,12:06:03
508,09/01/2015,12:13:32
509,09/01/2015,12:13:58
510,09/01/2015,12:15:03
511,09/01/2015,12:18:21
512,09/01/2015,12:19:24
513,09/01/2015,12:22:48
514,09/01/2015,12:26:47
515,09/01/2015,13:07:37
516,09/01/2015,13:09:09
517,09/01/2015,13:09:11
518,09/01/2015,13:11:25
519,09/01/2015,13:15:20
520,09/01/2015,13:22:33
521,09/01/2015,13:43:07
522,09/01/2015,14:09:33
523,09/01/2015,14:42:14
524,09/01/2015,14:51:35
525,09/01/2015,15:08:46
526,09/01/2015,15:10:13
527,09/01/2015,15:23:37
528,09/01/2015,15:27:21
529,09/01/2015,15:31:01
530,09/01/2015,15:43:01
531,09/01/2015,15:58:10
532,09/01/2015,16:14:28
533,09/01/2015,16:28:43
534,09/01/2015,16:43:32
535,09/01/2015,17:08:47
536,09/01/2015,17:18:50
537,09/01/2015,17:23:52
538,09/01/2015,17:44:04
539,09/01/2015,17:51:34
540,09/01/2015,17:52:41
541,09/01/2015,18:07:47
542,09/01/2015,18:08:06
543,09/01/2015,18:23:59
544,09/01/2015,18:31:04
545,09/01/2015,18:46:28
546,09/01/2015,18:47:27
547,09/01/2015,18:49:23
548,09/01/2015,19:06:09
549,09/01/2015,19:06:34
550,09/01/2015,19:12:59
551,09/01/2015,19:26:24
552,09/01/2015,19:31:25
553,09/01/2015,20:14:47
554,09/01/2015,20:15:51
555,09/01/2015,20:18:25
556,09/01/2015,20:23:12
557,09/01/2015,20:30:06
558,09/01/2015,20:51:10
559,09/01/2015,21:10:16
560,09/01/2015,21:13:48
561,09/01/2015,21:47:56
562,09/01/2015,22:04:05
563,09/01/2015,22:19:03
564,09/01/2015,22:32:32
565,10/01/2015,12:11:19
566,10/01/2015,12:21:19
567,10/01/2015,12:27:47
568,10/01/2015,12:28:53
569,10/01/2015,12:37:10
570,10/01/2015,13:13:59
571,10/01/2015,13:14:47
572,10/01/2015,13:15:32
573,10/01/2015,13:39:33
574,10/01/2015,13:40:54
575,10/01/2015,13:41:04
576,10/01/2015,13:44:22
577,10/01/2015,13:45:00
578,10/01/2015,13:48:49
579,10/01/2015,13:51:19
580,10/01/2015,13:56:01
581,10/01/2015,14:13:01
582,10/01/2015,14:24:14
583,10/01/2015,14:33:19
584,10/01/2015,15:05:29
585,10/01/2015,15:58:42
586,10/01/2015,16:09:57
587,10/01/2015,16:32:36
588,10/01/2015,16:33:36
589,10/01/2015,17:12:39
590,10/01/2015,17:23:39
591,10/01/2015,17:32:54
592,10/01/2015,17:41:55
593,10/01/2015,17:48:57
594,10/01/2015,17:50:19
595,10/01/2015,18:12:28
596,10/01/2015,18:24:07
597,10/01/2015,18:32:36
598,10/01/2015,18:34:14
599,10/01/2015,18:34:27
600,10/01/2015,18:53:52
601,10/01/2015,18:58:19
602,10/01/2015,19:02:27
603,10/01/2015,19:03:11
604,10/01/2015,19:13:29
605,10/01/2015,19:23:51
606,10/01/2015,19:27:18
607,10/01/2015,19:36:16
608,10/01/2015,19:36:33
609,10/01/2015,19:39:32
610,10/01/2015,19:51:02
611,10/01/2015,19:58:10
612,10/01/2015,19:58:15
613,10/01/2015,20:10:44
614,10/01/2015,20:12:33
615,10/01/2015,20:14:03
616,10/01/2015,20:20:10
617,10/01/2015,20:27:26
618,10/01/2015,20:31:14
619,10/01/2015,20:41:58
620,10/01/2015,20:45:45
621,10/01/2015,20:49:29
622,10/01/2015,20:57:41
623,10/01/2015,21:21:21
624,10/01/2015,21:22:44
625,10/01/2015,21:50:23
626,10/01/2015,21:55:12
627,10/01/2015,22:18:35
628,10/01/2015,22:47:17
629,10/01/2015,22:48:39
630,11/01/2015,11:42:08
631,11/01/2015,11:44:36
632,11/01/2015,11:44:52
633,11/01/2015,11:51:45
634,11/01/2015,12:14:15
635,11/01/2015,12:18:31
636,11/01/2015,12:34:44
637,11/01/2015,12:44:10
638,11/01/2015,12:49:26
639,11/01/2015,13:23:21
640,11/01/2015,13:28:08
641,11/01/2015,13:37:46
642,11/01/2015,13:40:00
643,11/01/2015,13:43:19
644,11/01/2015,13:52:52
645,11/01/2015,14:03:45
646,11/01/2015,14:07:26
647,11/01/2015,14:07:35
648,11/01/2015,14:17:17
649,11/01/2015,14:29:23
650,11/01/2015,14:34:05
651,11/01/2015,14:49:35
652,11/01/2015,16:03:38
653,11/01/2015,16:18:23
654,11/01/2015,16:34:07
655,11/01/2015,16:43:33
656,11/01/2015,16:44:49
657,11/01/2015,16:45:47
658,11/01/2015,16:55:24
659,11/01/2015,16:56:39
660,11/01/2015,17:09:36
661,11/01/2015,17:18:14
662,11/01/2015,17:21:49
663,11/01/2015,17:29:14
664,11/01/2015,17:35:14
665,11/01/2015,17:42:23
666,11/01/2015,17:42:25
667,11/01/2015,18:13:08
668,11/01/2015,18:13:12
669,11/01/2015,18:40:44
670,11/01/2015,18:46:25
671,11/01/2015,19:18:42
672,11/01/2015,19:18:46
673,11/01/2015,19:28:13
674,11/01/2015,19:33:05
675,11/01/2015,19:33:19
676,11/01/2015,19:44:57
677,11/01/2015,19:51:09
678,11/01/2015,19:52:49
679,11/01/2015,20:31:02
680,11/01/2015,21:07:30
681,11/01/2015,21:29:50
682,12/01/2015,11:38:15
683,12/01/2015,11:39:08
684,12/01/2015,12:01:23
685,12/01/2015,12:11:46
686,12/01/2015,12:13:07
687,12/01/2015,12:21:09
688,12/01/2015,12:26:41
689,12/01/2015,12:33:22
690,12/01/2015,12:42:10
691,12/01/2015,12:45:53
692,12/01/2015,12:53:37
693,12/01/2015,13:04:24
694,12/01/2015,13:30:47
695,12/01/2015,13:33:06
696,12/01/2015,13:49:40
697,12/01/2015,13:58:56
698,12/01/2015,14:08:16
699,12/01/2015,14:27:03
700,12/01/2015,14:31:13
701,12/01/2015,14:33:39
702,12/01/2015,14:38:35
703,12/01/2015,15:08:01
704,12/01/2015,15:28:25
705,12/01/2015,15:31:00
706,12/01/2015,15:39:04
707,12/01/2015,15:41:32
708,12/01/2015,15:52:44
709,12/01/2015,15:53:56
710,12/01/2015,15:59:52
711,12/01/2015,16:21:10
712,12/01/2015,16:22:18
713,12/01/2015,16:31:56
714,12/01/2015,16:55:08
715,12/01/2015,17:05:33
716,12/01/2015,17:06:05
717,12/01/2015,17:24:44
718,12/01/2015,17:46:30
719,12/01/2015,17:52:27
720,12/01/2015,17:53:59
721,12/01/2015,18:17:15
722,12/01/2015,18:20:58
723,12/01/2015,18:21:04
724,12/01/2015,18:24:47
725,12/01/2015,18:33:14
726,12/01/2015,18:34:25
727,12/01/2015,18:44:57
728,12/01/2015,18:53:17
729,12/01/2015,19:20:41
730,12/01/2015,19:22:00
731,12/01/2015,19:27:47
732,12/01/2015,19:30:17
733,12/01/2015,19:57:36
734,12/01/2015,20:00:30
735,12/01/2015,20:35:34
736,12/01/2015,21:35:14
737,13/01/2015,11:31:34
738,13/01/2015,12:16:47
739,13/01/2015,12:19:38
740,13/01/2015,12:29:51
741,13/01/2015,12:49:09
742,13/01/2015,12:53:01
743,13/01/2015,13:08:32
744,13/01/2015,13:34:48
745,13/01/2015,13:36:53
746,13/01/2015,13:41:13
747,13/01/2015,14:15:02
748,13/01/2015,14:27:31
749,13/01/2015,14:29:23
750,13/01/2015,14:48:09
751,13/01/2015,15:07:35
752,13/01/2015,15:19:25
753,13/01/2015,15:22:11
754,13/01/2015,15:47:56
755,13/01/2015,15:50:49
756,13/01/2015,15:55:11
757,13/01/2015,16:10:34
758,13/01/2015,16:14:43
759,13/01/2015,16:14:56
760,13/01/2015,16:27:40
761,13/01/2015,16:30:20
762,13/01/2015,16:36:36
763,13/01/2015,16:38:57
764,13/01/2015,16:39:39
765,13/01/2015,17:11:41
766,13/01/2015,17:21:45
767,13/01/2015,17:21:48
768,13/01/2015,17:23:34
769,13/01/2015,17:43:17
770,13/01/2015,17:44:13
771,13/01/2015,17:59:32
772,13/01/2015,18:07:59
773,13/01/2015,18:18:15
774,13/01/2015,18:31:07
775,13/01/2015,18:42:12
776,13/01/2015,18:50:43
777,13/01/2015,19:10:20
778,13/01/2015,19:18:08
779,13/01/2015,19:19:58
780,13/01/2015,20:12:49
781,13/01/2015,20:31:17
782,13/01/2015,20:36:27
783,13/01/2015,21:17:08
784,13/01/2015,21:39:41
785,14/01/2015,11:28:44
786,14/01/2015,11:35:30
787,14/01/2015,11:45:30
788,14/01/2015,11:46:19
789,14/01/2015,11:51:37
790,14/01/2015,12:07:30
791,14/01/2015,12:23:54
792,14/01/2015,12:37:48
793,14/01/2015,12:38:27
794,14/01/2015,12:39:16
795,14/01/2015,12:42:17
796,14/01/2015,12:43:09
797,14/01/2015,12:50:01
798,14/01/2015,12:50:30
799,14/01/2015,12:51:29
800,14/01/2015,12:54:35
801,14/01/2015,13:10:53
802,14/01/2015,13:23:47
803,14/01/2015,13:37:51
804,14/01/2015,13:42:01
805,14/01/2015,14:07:52
806,14/01/2015,14:12:22
807,14/01/2015,14:15:29
808,14/01/2015,14:15:32
809,14/01/2015,14:26:17
810,14/01/2015,14:48:30
811,14/01/2015,14:48:56
812,14/01/2015,15:37:45
813,14/01/2015,16:09:29
814,14/01/2015,16:21:23
815,14/01/2015,16:38:00
816,14/01/2015,17:04:08
817,14/01/2015,17:10:38
818,14/01/2015,17:15:50
819,14/01/2015,17:21:39
820,14/01/2015,17:24:09
821,14/01/2015,17:37:26
822,14/01/2015,17:38:53
823,14/01/2015,17:42:17
824,14/01/2015,17:53:41
825,14/01/2015,18:06:06
826,14/01/2015,18:06:14
827,14/01/2015,18:09:48
828,14/01/2015,18:23:55
829,14/01/2015,18:27:42
830,14/01/2015,18:38:17
831,14/01/2015,18:38:20
832,14/01/2015,18:47:06
833,14/01/2015,19:07:45
834,14/01/2015,19:25:16
835,14/01/2015,19:56:01
836,14/01/2015,20:08:08
837,14/01/2015,20:12:27
838,14/01/2015,20:33:57
839,14/01/2015,20:40:40
840,14/01/2015,20:46:12
841,14/01/2015,20:57:40
842,14/01/2015,21:09:39
843,14/01/2015,21:32:21
844,14/01/2015,21:36:58
845,14/01/2015,21:42:56
846,14/01/2015,22:16:24
847,15/01/2015,11:37:03
848,15/01/2015,11:56:46
849,15/01/2015,12:08:30
850,15/01/2015,12:15:35
851,15/01/2015,12:20:22
852,15/01/2015,12:33:51
853,15/01/2015,12:36:39
854,15/01/2015,12:51:19
855,15/01/2015,12:56:54
856,15/01/2015,12:59:20
857,15/01/2015,13:01:53
858,15/01/2015,13:03:42
859,15/01/2015,13:05:13
860,15/01/2015,13:07:53
861,15/01/2015,13:08:44
862,15/01/2015,13:10:45
863,15/01/2015,13:12:29
864,15/01/2015,14:04:23
865,15/01/2015,14:10:00
866,15/01/2015,14:18:09
867,15/01/2015,14:19:28
868,15/01/2015,14:27:25
869,15/01/2015,14:31:43
870,15/01/2015,14:38:31
871,15/01/2015,14:45:22
872,15/01/2015,14:48:37
873,15/01/2015,15:06:15
874,15/01/2015,15:20:36
875,15/01/2015,15:23:21
876,15/01/2015,15:27:03
877,15/01/2015,15:32:59
878,15/01/2015,16:05:58
879,15/01/2015,16:12:57
880,15/01/2015,16:19:26
881,15/01/2015,16:40:04
882,15/01/2015,16:44:46
883,15/01/2015,16:56:05
884,15/01/2015,16:57:15
885,15/01/2015,16:57:55
886,15/01/2015,17:05:35
887,15/01/2015,17:13:58
888,15/01/2015,17:14:27
889,15/01/2015,17:27:51
890,15/01/2015,17:32:25
891,15/01/2015,17:43:34
892,15/01/2015,18:04:29
893,15/01/2015,18:15:22
894,15/01/2015,18:17:26
895,15/01/2015,18:18:11
896,15/01/2015,18:27:28
897,15/01/2015,18:53:07
898,15/01/2015,18:56:49
899,15/01/2015,19:06:14
900,15/01/2015,19:09:51
901,15/01/2015,19:16:11
902,15/01/2015,19:21:00
903,15/01/2015,19:27:22
904,15/01/2015,20:07:01
905,15/01/2015,20:12:06
906,15/01/2015,20:51:59
907,15/01/2015,20:54:32
908,15/01/2015,21:42:32
909,16/01/2015,11:19:25
910,16/01/2015,11:25:40
911,16/01/2015,11:36:00
912,16/01/2015,11:39:48
913,16/01/2015,11:55:24
914,16/01/2015,12:14:22
915,16/01/2015,12:20:22
916,16/01/2015,12:30:09
917,16/01/2015,12:34:15
918,16/01/2015,13:06:04
919,16/01/2015,13:11:15
920,16/01/2015,13:16:55
921,16/01/2015,13:18:32
922,16/01/2015,13:19:43
923,16/01/2015,13:23:29
924,16/01/2015,13:27:57
925,16/01/2015,13:42:47
926,16/01/2015,13:51:38
927,16/01/2015,13:59:21
928,16/01/2015,14:14:40
929,16/01/2015,14:24:45
930,16/01/2015,15:00:11
931,16/01/2015,15:27:24
932,16/01/2015,15:33:19
933,16/01/2015,15:49:05
934,16/01/2015,15:55:24
935,16/01/2015,16:14:59
936,16/01/2015,16:19:19
937,16/01/2015,16:20:32
938,16/01/2015,16:43:09
939,16/01/2015,16:59:23
940,16/01/2015,17:05:08
941,16/01/2015,17:09:08
942,16/01/2015,17:18:37
943,16/01/2015,17:22:00
944,16/01/2015,17:54:33
945,16/01/2015,17:58:38
946,16/01/2015,18:00:48
947,16/01/2015,18:13:15
948,16/01/2015,18:42:17
949,16/01/2015,18:52:18
950,16/01/2015,18:57:56
951,16/01/2015,19:03:46
952,16/01/2015,19:05:35
953,16/01/2015,19:12:08
954,16/01/2015,19:14:03
955,16/01/2015,19:24:16
956,16/01/2015,19:24:40
957,16/01/2015,19:32:12
958,16/01/2015,19:33:33
959,16/01/2015,19:34:00
960,16/01/2015,19:35:00
961,16/01/2015,19:42:20
962,16/01/2015,19:55:17
963,16/01/2015,20:06:41
964,16/01/2015,20:24:37
965,16/01/2015,20:41:02
966,16/01/2015,20:59:17
967,16/01/2015,21:03:33
968,16/01/2015,21:23:01
969,16/01/2015,21:36:19
970,16/01/2015,21:44:35
971,16/01/2015,21:46:20
972,16/01/2015,22:03:09
973,16/01/2015,22:06:08
974,16/01/2015,22:06:53
975,16/01/2015,22:10:21
976,17/01/2015,11:53:19
977,17/01/2015,12:01:58
978,17/01/2015,12:24:36
979,17/01/2015,12:57:28
980,17/01/2015,12:58:36
981,17/01/2015,13:56:46
982,17/01/2015,14:12:58
983,17/01/2015,14:29:31
984,17/01/2015,14:33:55
985,17/01/2015,14:34:50
986,17/01/2015,14:35:25
987,17/01/2015,14:41:14
988,17/01/2015,14:44:56
989,17/01/2015,15:08:38
990,17/01/2015,15:30:10
991,17/01/2015,15:43:27
992,17/01/2015,15:49:31
993,17/01/2015,16:16:59
994,17/01/2015,16:19:42
995,17/01/2015,16:57:30
996,17/01/2015,17:11:07
997,17/01/2015,17:16:26
998,17/01/2015,17:19:16
999,17/01/2015,17:21:24
1000,17/01/2015,17:24:24
1001,17/01/2015,17:28:05
1002,17/01/2015,17:29:41
1003,17/01/2015,17:31:16
1004,17/01/2015,17:44:05
1005,17/01/2015,17:49:51
1006,17/01/2015,18:28:12
1007,17/01/2015,18:35:22
1008,17/01/2015,18:49:59
1009,17/01/2015,18:58:24
1010,17/01/2015,19:15:11
1011,17/01/2015,19:20:20
1012,17/01/2015,19:25:32
1013,17/01/2015,19:26:40
1014,17/01/2015,19:38:17
1015,17/01/2015,19:42:51
1016,17/01/2015,19:44:36
1017,17/01/2015,20:13:32
1018,17/01/2015,20:38:50
1019,17/01/2015,20:50:54
1020,17/01/2015,21:04:20
1021,17/01/2015,21:11:31
1022,17/01/2015,21:16:01
1023,17/01/2015,21:20:18
1024,17/01/2015,21:21:23
1025,17/01/2015,21:49:00
1026,17/01/2015,21:55:05
1027,17/01/2015,21:57:02
1028,17/01/2015,22:02:45
1029,17/01/2015,22:06:27
1030,17/01/2015,22:13:59
1031,18/01/2015,11:39:03
1032,18/01/2015,11:45:13
1033,18/01/2015,11:54:13
1034,18/01/2015,12:07:59
1035,18/01/2015,12:13:15
1036,18/01/2015,12:49:29
1037,18/01/2015,13:04:54
1038,18/01/2015,13:14:59
1039,18/01/2015,13:33:31
1040,18/01/2015,13:56:05
1041,18/01/2015,13:59:47
1042,18/01/2015,14:06:19
1043,18/01/2015,14:07:36
1044,18/01/2015,14:20:16
1045,18/01/2015,14:22:14
1046,18/01/2015,14:39:33
1047,18/01/2015,14:50:37
1048,18/01/2015,14:53:25
1049,18/01/2015,14:57:48
1050,18/01/2015,15:05:54
1051,18/01/2015,15:08:45
1052,18/01/2015,15:28:12
1053,18/01/2015,15:43:17
1054,18/01/2015,15:56:04
1055,18/01/2015,16:07:14
1056,18/01/2015,16:12:18
1057,18/01/2015,16:18:37
1058,18/01/2015,16:30:09
1059,18/01/2015,16:30:14
1060,18/01/2015,16:39:46
1061,18/01/2015,17:17:02
1062,18/01/2015,17:21:38
1063,18/01/2015,17:28:29
1064,18/01/2015,17:30:00
1065,18/01/2015,17:48:16
1066,18/01/2015,18:10:50
1067,18/01/2015,18:13:43
1068,18/01/2015,18:16:32
1069,18/01/2015,18:19:47
1070,18/01/2015,18:21:27
1071,18/01/2015,18:27:40
1072,18/01/2015,18:32:32
1073,18/01/2015,18:42:02
1074,18/01/2015,19:01:54
1075,18/01/2015,19:15:17
1076,18/01/2015,19:36:15
1077,18/01/2015,20:13:25
1078,18/01/2015,20:20:42
1079,18/01/2015,20:45:11
1080,18/01/2015,21:22:58
1081,18/01/2015,21:27:05
1082,19/01/2015,11:16:43
1083,19/01/2015,11:19:51
1084,19/01/2015,11:27:33
1085,19/01/2015,11:37:05
1086,19/01/2015,11:57:17
1087,19/01/2015,11:57:38
1088,19/01/2015,12:00:52
1089,19/01/2015,12:03:57
1090,19/01/2015,12:14:24
1091,19/01/2015,12:20:28
1092,19/01/2015,12:23:38
1093,19/01/2015,12:33:24
1094,19/01/2015,12:33:50
1095,19/01/2015,12:47:24
1096,19/01/2015,12:56:45
1097,19/01/2015,13:02:07
1098,19/01/2015,13:25:39
1099,19/01/2015,13:33:24
1100,19/01/2015,13:34:27
1101,19/01/2015,13:36:26
1102,19/01/2015,14:03:20
1103,19/01/2015,14:08:12
1104,19/01/2015,14:39:45
1105,19/01/2015,15:13:54
1106,19/01/2015,15:17:39
1107,19/01/2015,15:45:44
1108,19/01/2015,16:18:49
1109,19/01/2015,16:20:22
1110,19/01/2015,16:33:35
1111,19/01/2015,16:35:46
1112,19/01/2015,16:46:00
1113,19/01/2015,17:00:44
1114,19/01/2015,17:00:53
1115,19/01/2015,17:08:55
1116,19/01/2015,17:09:15
1117,19/01/2015,17:13:25
1118,19/01/2015,17:19:49
1119,19/01/2015,17:42:23
1120,19/01/2015,17:46:46
1121,19/01/2015,18:15:08
1122,19/01/2015,18:16:44
1123,19/01/2015,18:21:36
1124,19/01/2015,18:29:26
1125,19/01/2015,18:45:40
1126,19/01/2015,18:48:46
1127,19/01/2015,18:53:52
1128,19/01/2015,18:59:54
1129,19/01/2015,19:00:20
1130,19/01/2015,19:03:05
1131,19/01/2015,19:06:42
1132,19/01/2015,19:51:37
1133,19/01/2015,19:59:17
1134,19/01/2015,20:05:41
1135,19/01/2015,21:15:41
1136,19/01/2015,21:59:06
1137,19/01/2015,22:13:28
1138,20/01/2015,11:21:49
1139,20/01/2015,11:25:59
1140,20/01/2015,11:31:16
1141,20/01/2015,11:35:08
1142,20/01/2015,11:36:48
1143,20/01/2015,11:37:33
1144,20/01/2015,12:02:21
1145,20/01/2015,12:04:15
1146,20/01/2015,12:12:00
1147,20/01/2015,12:12:25
1148,20/01/2015,12:17:42
1149,20/01/2015,12:22:41
1150,20/01/2015,12:39:05
1151,20/01/2015,12:43:36
1152,20/01/2015,12:44:23
1153,20/01/2015,12:56:30
1154,20/01/2015,12:59:38
1155,20/01/2015,13:05:11
1156,20/01/2015,13:14:15
1157,20/01/2015,13:16:58
1158,20/01/2015,13:17:45
1159,20/01/2015,14:06:41
1160,20/01/2015,14:14:54
1161,20/01/2015,14:21:41
1162,20/01/2015,14:40:02
1163,20/01/2015,14:47:28
1164,20/01/2015,15:13:31
1165,20/01/2015,15:15:26
1166,20/01/2015,15:25:08
1167,20/01/2015,15:28:09
1168,20/01/2015,15:58:05
1169,20/01/2015,16:08:25
1170,20/01/2015,16:37:24
1171,20/01/2015,16:41:58
1172,20/01/2015,16:53:23
1173,20/01/2015,16:57:05
1174,20/01/2015,17:02:58
1175,20/01/2015,17:05:14
1176,20/01/2015,17:05:19
1177,20/01/2015,17:27:29
1178,20/01/2015,18:01:13
1179,20/01/2015,18:02:28
1180,20/01/2015,18:12:31
1181,20/01/2015,18:17:53
1182,20/01/2015,18:33:48
1183,20/01/2015,18:51:30
1184,20/01/2015,19:04:35
1185,20/01/2015,19:10:26
1186,20/01/2015,19:19:55
1187,20/01/2015,19:21:40
1188,20/01/2015,19:25:25
1189,20/01/2015,19:40:47
1190,20/01/2015,19:43:15
1191,20/01/2015,19:56:41
1192,20/01/2015,20:15:27
1193,20/01/2015,20:26:22
1194,20/01/2015,20:27:18
1195,20/01/2015,20:39:52
1196,20/01/2015,20:44:41
1197,20/01/2015,20:53:41
1198,20/01/2015,22:02:08
1199,20/01/2015,22:10:20
1200,20/01/2015,22:14:41
1201,20/01/2015,22:40:10
1202,21/01/2015,11:50:26
1203,21/01/2015,11:54:22
1204,21/01/2015,12:23:38
1205,21/01/2015,12:29:13
1206,21/01/2015,12:38:38
1207,21/01/2015,12:52:42
1208,21/01/2015,13:03:21
1209,21/01/2015,13:13:52
1210,21/01/2015,13:20:41
1211,21/01/2015,13:37:51
1212,21/01/2015,13:42:25
1213,21/01/2015,13:58:53
1214,21/01/2015,14:00:05
1215,21/01/2015,14:02:04
1216,21/01/2015,14:08:29
1217,21/01/2015,14:26:35
1218,21/01/2015,14:27:30
1219,21/01/2015,15:13:10
1220,21/01/2015,15:20:03
1221,21/01/2015,15:23:36
1222,21/01/2015,15:32:23
1223,21/01/2015,15:36:37
1224,21/01/2015,15:45:47
1225,21/01/2015,15:59:07
1226,21/01/2015,16:10:57
1227,21/01/2015,16:20:21
1228,21/01/2015,16:26:36
1229,21/01/2015,16:28:19
1230,21/01/2015,16:38:28
1231,21/01/2015,16:45:04
1232,21/01/2015,16:50:36
1233,21/01/2015,17:11:27
1234,21/01/2015,17:36:59
1235,21/01/2015,17:55:58
1236,21/01/2015,17:56:32
1237,21/01/2015,18:10:40
1238,21/01/2015,18:18:51
1239,21/01/2015,18:22:29
1240,21/01/2015,18:40:50
1241,21/01/2015,18:43:02
1242,21/01/2015,18:50:51
1243,21/01/2015,19:02:27
1244,21/01/2015,19:24:32
1245,21/01/2015,19:26:35
1246,21/01/2015,19:36:04
1247,21/01/2015,19:54:37
1248,21/01/2015,20:13:51
1249,21/01/2015,20:40:44
1250,21/01/2015,21:09:08
1251,21/01/2015,21:12:37
1252,21/01/2015,21:32:07
1253,22/01/2015,11:34:52
1254,22/01/2015,11:56:03
1255,22/01/2015,12:05:34
1256,22/01/2015,12:06:15
1257,22/01/2015,12:07:53
1258,22/01/2015,12:18:53
1259,22/01/2015,12:22:47
1260,22/01/2015,12:31:07
1261,22/01/2015,12:32:00
1262,22/01/2015,12:32:33
1263,22/01/2015,12:39:12
1264,22/01/2015,12:58:30
1265,22/01/2015,12:59:26
1266,22/01/2015,12:59:51
1267,22/01/2015,13:01:27
1268,22/01/2015,13:01:39
1269,22/01/2015,13:04:41
1270,22/01/2015,13:12:15
1271,22/01/2015,13:14:17
1272,22/01/2015,13:14:37
1273,22/01/2015,13:21:57
1274,22/01/2015,13:24:14
1275,22/01/2015,13:26:25
1276,22/01/2015,13:46:36
1277,22/01/2015,13:46:44
1278,22/01/2015,14:07:34
1279,22/01/2015,14:16:38
1280,22/01/2015,14:44:54
1281,22/01/2015,15:13:10
1282,22/01/2015,15:16:54
1283,22/01/2015,15:47:42
1284,22/01/2015,15:53:38
1285,22/01/2015,16:18:42
1286,22/01/2015,16:29:13
1287,22/01/2015,16:38:25
1288,22/01/2015,17:10:07
1289,22/01/2015,17:11:54
1290,22/01/2015,17:17:19
1291,22/01/2015,17:20:13
1292,22/01/2015,17:35:48
1293,22/01/2015,17:37:59
1294,22/01/2015,17:43:01
1295,22/01/2015,17:44:59
1296,22/01/2015,17:46:53
1297,22/01/2015,17:51:53
1298,22/01/2015,17:54:25
1299,22/01/2015,17:56:07
1300,22/01/2015,18:28:51
1301,22/01/2015,18:42:08
1302,22/01/2015,18:44:04
1303,22/01/2015,18:53:13
1304,22/01/2015,19:02:50
1305,22/01/2015,19:24:01
1306,22/01/2015,19:35:25
1307,22/01/2015,19:39:20
1308,22/01/2015,19:43:14
1309,22/01/2015,20:04:42
1310,22/01/2015,20:19:33
1311,22/01/2015,20:21:28
1312,22/01/2015,20:23:41
1313,22/01/2015,20:24:29
1314,22/01/2015,20:40:55
1315,22/01/2015,20:46:44
1316,22/01/2015,20:48:12
1317,22/01/2015,21:00:41
1318,22/01/2015,21:36:48
1319,22/01/2015,22:24:05
1320,22/01/2015,23:02:31
1321,23/01/2015,11:17:12
1322,23/01/2015,11:28:28
1323,23/01/2015,11:45:37
1324,23/01/2015,11:46:56
1325,23/01/2015,11:50:45
1326,23/01/2015,12:00:54
1327,23/01/2015,12:01:01
1328,23/01/2015,12:29:42
1329,23/01/2015,12:49:11
1330,23/01/2015,12:54:53
1331,23/01/2015,12:54:56
1332,23/01/2015,12:55:29
1333,23/01/2015,12:57:07
1334,23/01/2015,13:00:58
1335,23/01/2015,13:10:36
1336,23/01/2015,13:14:10
1337,23/01/2015,13:44:49
1338,23/01/2015,13:47:01
1339,23/01/2015,14:10:45
1340,23/01/2015,14:12:26
1341,23/01/2015,14:15:37
1342,23/01/2015,14:17:05
1343,23/01/2015,14:29:11
1344,23/01/2015,14:58:58
1345,23/01/2015,15:01:02
1346,23/01/2015,15:25:17
1347,23/01/2015,15:32:59
1348,23/01/2015,15:50:01
1349,23/01/2015,16:03:08
1350,23/01/2015,16:05:24
1351,23/01/2015,16:06:00
1352,23/01/2015,16:12:21
1353,23/01/2015,16:21:26
1354,23/01/2015,16:22:21
1355,23/01/2015,16:30:25
1356,23/01/2015,17:11:00
1357,23/01/2015,17:17:58
1358,23/01/2015,17:24:07
1359,23/01/2015,17:31:29
1360,23/01/2015,17:33:33
1361,23/01/2015,17:46:31
1362,23/01/2015,17:46:43
1363,23/01/2015,17:46:45
1364,23/01/2015,17:50:42
1365,23/01/2015,17:54:47
1366,23/01/2015,18:07:49
1367,23/01/2015,18:09:22
1368,23/01/2015,18:22:01
1369,23/01/2015,18:31:59
1370,23/01/2015,18:45:57
1371,23/01/2015,18:54:00
1372,23/01/2015,18:57:10
1373,23/01/2015,19:00:30
1374,23/01/2015,19:06:56
1375,23/01/2015,19:12:48
1376,23/01/2015,19:13:06
1377,23/01/2015,19:19:20
1378,23/01/2015,19:23:24
1379,23/01/2015,19:33:07
1380,23/01/2015,19:51:21
1381,23/01/2015,20:08:54
1382,23/01/2015,20:11:35
1383,23/01/2015,20:24:59
1384,23/01/2015,20:31:01
1385,23/01/2015,20:57:30
1386,23/01/2015,21:01:24
1387,23/01/2015,21:11:38
1388,23/01/2015,22:04:12
1389,23/01/2015,22:05:37
1390,24/01/2015,11:38:40
1391,24/01/2015,12:26:08
1392,24/01/2015,12:37:39
1393,24/01/2015,12:43:03
1394,24/01/2015,13:25:55
1395,24/01/2015,13:32:52
1396,24/01/2015,13:34:33
1397,24/01/2015,13:56:25
1398,24/01/2015,14:04:36
1399,24/01/2015,14:07:38
1400,24/01/2015,14:08:26
1401,24/01/2015,14:20:17
1402,24/01/2015,14:23:57
1403,24/01/2015,14:44:46
1404,24/01/2015,14:59:38
1405,24/01/2015,15:00:13
1406,24/01/2015,15:08:57
1407,24/01/2015,15:17:06
1408,24/01/2015,16:05:14
1409,24/01/2015,16:06:10
1410,24/01/2015,16:17:38
1411,24/01/2015,16:36:53
1412,24/01/2015,16:39:31
1413,24/01/2015,16:48:03
1414,24/01/2015,16:49:15
1415,24/01/2015,17:04:22
1416,24/01/2015,17:18:39
1417,24/01/2015,17:31:05
1418,24/01/2015,17:50:34
1419,24/01/2015,18:07:48
1420,24/01/2015,18:10:44
1421,24/01/2015,18:17:01
1422,24/01/2015,18:26:42
1423,24/01/2015,18:32:23
1424,24/01/2015,18:43:24
1425,24/01/2015,18:50:51
1426,24/01/2015,19:06:06
1427,24/01/2015,19:26:06
1428,24/01/2015,19:33:57
1429,24/01/2015,19:36:22
1430,24/01/2015,19:39:56
1431,24/01/2015,19:40:03
1432,24/01/2015,19:41:52
1433,24/01/2015,19:43:23
1434,24/01/2015,19:43:40
1435,24/01/2015,19:44:56
1436,24/01/2015,19:46:06
1437,24/01/2015,19:47:50
1438,24/01/2015,19:54:07
1439,24/01/2015,19:56:32
1440,24/01/2015,19:56:33
1441,24/01/2015,20:13:00
1442,24/01/2015,20:21:20
1443,24/01/2015,20:23:34
1444,24/01/2015,20:29:10
1445,24/01/2015,20:29:40
1446,24/01/2015,20:40:47
1447,24/01/2015,20:41:28
1448,24/01/2015,20:59:29
1449,24/01/2015,21:12:27
1450,24/01/2015,21:23:08
1451,24/01/2015,21:23:59
1452,24/01/2015,22:32:11
1453,25/01/2015,12:24:36
1454,25/01/2015,12:27:51
1455,25/01/2015,13:30:03
1456,25/01/2015,13:35:14
1457,25/01/2015,13:35:53
1458,25/01/2015,13:46:05
1459,25/01/2015,14:01:11
1460,25/01/2015,14:17:13
1461,25/01/2015,14:21:02
1462,25/01/2015,14:32:07
1463,25/01/2015,14:32:44
1464,25/01/2015,14:43:49
1465,25/01/2015,14:45:05
1466,25/01/2015,14:48:05
1467,25/01/2015,14:50:29
1468,25/01/2015,15:05:16
1469,25/01/2015,15:23:21
1470,25/01/2015,15:29:05
1471,25/01/2015,16:07:00
1472,25/01/2015,16:32:36
1473,25/01/2015,16:36:54
1474,25/01/2015,16:52:12
1475,25/01/2015,16:59:21
1476,25/01/2015,17:05:06
1477,25/01/2015,17:08:54
1478,25/01/2015,17:26:23
1479,25/01/2015,17:30:14
1480,25/01/2015,17:48:20
1481,25/01/2015,18:12:26
1482,25/01/2015,18:32:16
1483,25/01/2015,18:39:10
1484,25/01/2015,18:57:43
1485,25/01/2015,19:05:15
1486,25/01/2015,19:09:03
1487,25/01/2015,19:41:47
1488,25/01/2015,19:49:28
1489,25/01/2015,20:01:54
1490,25/01/2015,20:07:13
1491,25/01/2015,20:19:40
1492,25/01/2015,20:46:56
1493,25/01/2015,21:00:40
1494,25/01/2015,21:01:50
1495,25/01/2015,21:17:32
1496,25/01/2015,21:32:38
1497,26/01/2015,11:15:57
1498,26/01/2015,11:25:10
1499,26/01/2015,11:33:33
1500,26/01/2015,11:52:57
1501,26/01/2015,12:03:55
1502,26/01/2015,12:04:48
1503,26/01/2015,12:10:49
1504,26/01/2015,12:44:38
1505,26/01/2015,12:47:34
1506,26/01/2015,12:56:04
1507,26/01/2015,13:02:45
1508,26/01/2015,13:03:59
1509,26/01/2015,13:08:25
1510,26/01/2015,13:15:18
1511,26/01/2015,13:24:17
1512,26/01/2015,13:27:32
1513,26/01/2015,13:46:01
1514,26/01/2015,13:51:21
1515,26/01/2015,13:52:36
1516,26/01/2015,13:54:36
1517,26/01/2015,13:56:01
1518,26/01/2015,14:00:13
1519,26/01/2015,14:21:10
1520,26/01/2015,14:25:20
1521,26/01/2015,14:32:57
1522,26/01/2015,14:35:32
1523,26/01/2015,14:38:13
1524,26/01/2015,14:47:17
1525,26/01/2015,14:47:46
1526,26/01/2015,14:55:06
1527,26/01/2015,15:14:30
1528,26/01/2015,15:24:38
1529,26/01/2015,15:35:32
1530,26/01/2015,15:49:09
1531,26/01/2015,15:58:50
1532,26/01/2015,16:04:46
1533,26/01/2015,16:08:02
1534,26/01/2015,16:21:23
1535,26/01/2015,16:38:21
1536,26/01/2015,16:52:11
1537,26/01/2015,17:04:54
1538,26/01/2015,17:06:36
1539,26/01/2015,18:03:43
1540,26/01/2015,18:08:56
1541,26/01/2015,18:10:06
1542,26/01/2015,18:37:22
1543,26/01/2015,19:21:11
1544,26/01/2015,19:32:50
1545,26/01/2015,19:33:23
1546,26/01/2015,19:42:41
1547,26/01/2015,20:58:38
1548,26/01/2015,20:59:51
1549,26/01/2015,21:12:55
1550,26/01/2015,21:23:19
1551,26/01/2015,21:37:51
1552,27/01/2015,11:23:30
1553,27/01/2015,11:47:40
1554,27/01/2015,11:57:19
1555,27/01/2015,12:07:54
1556,27/01/2015,12:19:15
1557,27/01/2015,12:21:21
1558,27/01/2015,12:27:55
1559,27/01/2015,12:34:12
1560,27/01/2015,12:56:17
1561,27/01/2015,12:56:35
1562,27/01/2015,13:00:08
1563,27/01/2015,13:04:38
1564,27/01/2015,13:05:50
1565,27/01/2015,13:21:20
1566,27/01/2015,13:23:02
1567,27/01/2015,13:31:08
1568,27/01/2015,13:38:46
1569,27/01/2015,13:38:50
1570,27/01/2015,13:49:25
1571,27/01/2015,14:32:25
1572,27/01/2015,14:33:38
1573,27/01/2015,14:39:50
1574,27/01/2015,15:32:22
1575,27/01/2015,15:37:13
1576,27/01/2015,15:44:22
1577,27/01/2015,15:48:27
1578,27/01/2015,16:07:40
1579,27/01/2015,16:19:56
1580,27/01/2015,16:27:31
1581,27/01/2015,16:28:38
1582,27/01/2015,16:34:55
1583,27/01/2015,17:01:03
1584,27/01/2015,17:08:55
1585,27/01/2015,17:14:26
1586,27/01/2015,17:15:31
1587,27/01/2015,17:26:55
1588,27/01/2015,17:29:19
1589,27/01/2015,17:46:02
1590,27/01/2015,17:56:16
1591,27/01/2015,18:00:16
1592,27/01/2015,18:02:51
1593,27/01/2015,18:06:25
1594,27/01/2015,18:16:02
1595,27/01/2015,18:17:38
1596,27/01/2015,18:22:07
1597,27/01/2015,18:22:23
1598,27/01/2015,18:31:26
1599,27/01/2015,18:33:59
1600,27/01/2015,18:37:54
1601,27/01/2015,18:48:01
1602,27/01/2015,18:49:15
1603,27/01/2015,19:16:45
1604,27/01/2015,20:05:01
1605,27/01/2015,20:05:27
1606,27/01/2015,20:07:37
1607,27/01/2015,20:09:27
1608,27/01/2015,20:10:32
1609,27/01/2015,20:17:48
1610,27/01/2015,20:43:11
1611,27/01/2015,21:03:04
1612,27/01/2015,21:03:29
1613,27/01/2015,21:05:59
1614,27/01/2015,22:10:01
1615,27/01/2015,22:11:38
1616,27/01/2015,22:22:25
1617,27/01/2015,22:25:26
1618,28/01/2015,11:28:33
1619,28/01/2015,11:36:34
1620,28/01/2015,11:38:50
1621,28/01/2015,11:43:54
1622,28/01/2015,11:49:42
1623,28/01/2015,11:50:41
1624,28/01/2015,11:55:46
1625,28/01/2015,11:58:42
1626,28/01/2015,12:04:16
1627,28/01/2015,12:09:40
1628,28/01/2015,12:16:39
1629,28/01/2015,12:17:09
1630,28/01/2015,12:19:50
1631,28/01/2015,12:20:11
1632,28/01/2015,12:20:31
1633,28/01/2015,12:45:52
1634,28/01/2015,12:47:43
1635,28/01/2015,13:07:37
1636,28/01/2015,13:07:52
1637,28/01/2015,13:21:08
1638,28/01/2015,13:34:25
1639,28/01/2015,13:37:57
1640,28/01/2015,13:45:42
1641,28/01/2015,14:21:48
1642,28/01/2015,14:26:49
1643,28/01/2015,14:46:45
1644,28/01/2015,15:01:14
1645,28/01/2015,15:16:01
1646,28/01/2015,15:28:30
1647,28/01/2015,15:29:24
1648,28/01/2015,15:43:15
1649,28/01/2015,16:26:11
1650,28/01/2015,16:35:45
1651,28/01/2015,16:40:16
1652,28/01/2015,16:56:19
1653,28/01/2015,17:28:53
1654,28/01/2015,17:31:36
1655,28/01/2015,18:15:14
1656,28/01/2015,18:15:57
1657,28/01/2015,18:24:14
1658,28/01/2015,18:44:20
1659,28/01/2015,18:48:06
1660,28/01/2015,19:00:12
1661,28/01/2015,19:05:34
1662,28/01/2015,19:54:25
1663,28/01/2015,20:46:18
1664,28/01/2015,21:09:10
1665,28/01/2015,21:24:32
1666,28/01/2015,21:28:58
1667,28/01/2015,21:41:42
1668,28/01/2015,22:28:44
1669,29/01/2015,11:43:36
1670,29/01/2015,11:52:11
1671,29/01/2015,11:55:01
1672,29/01/2015,12:14:46
1673,29/01/2015,12:19:02
1674,29/01/2015,12:26:17
1675,29/01/2015,12:26:53
1676,29/01/2015,12:39:31
1677,29/01/2015,12:45:39
1678,29/01/2015,13:06:51
1679,29/01/2015,13:08:52
1680,29/01/2015,13:10:44
1681,29/01/2015,13:23:39
1682,29/01/2015,13:27:10
1683,29/01/2015,13:27:41
1684,29/01/2015,13:33:16
1685,29/01/2015,13:36:52
1686,29/01/2015,13:37:50
1687,29/01/2015,13:39:42
1688,29/01/2015,13:42:20
1689,29/01/2015,13:51:07
1690,29/01/2015,13:55:35
1691,29/01/2015,14:13:32
1692,29/01/2015,14:24:36
1693,29/01/2015,14:28:24
1694,29/01/2015,14:39:52
1695,29/01/2015,15:11:01
1696,29/01/2015,15:26:55
1697,29/01/2015,16:01:52
1698,29/01/2015,16:04:23
1699,29/01/2015,16:05:53
1700,29/01/2015,16:07:41
1701,29/01/2015,16:40:57
1702,29/01/2015,16:48:09
1703,29/01/2015,17:47:55
1704,29/01/2015,18:15:40
1705,29/01/2015,18:38:41
1706,29/01/2015,18:44:29
1707,29/01/2015,18:45:58
1708,29/01/2015,18:53:35
1709,29/01/2015,18:55:40
1710,29/01/2015,18:58:20
1711,29/01/2015,18:59:29
1712,29/01/2015,19:23:49
1713,29/01/2015,19:32:08
1714,29/01/2015,19:34:31
1715,29/01/2015,19:36:45
1716,29/01/2015,20:05:12
1717,29/01/2015,20:15:35
1718,29/01/2015,20:15:51
1719,29/01/2015,20:23:41
1720,29/01/2015,20:37:53
1721,29/01/2015,20:38:52
1722,29/01/2015,20:41:46
1723,29/01/2015,20:50:55
1724,29/01/2015,21:04:42
1725,29/01/2015,21:27:53
1726,29/01/2015,22:44:10
1727,30/01/2015,11:25:25
1728,30/01/2015,11:30:32
1729,30/01/2015,11:37:42
1730,30/01/2015,11:39:14
1731,30/01/2015,12:17:29
1732,30/01/2015,12:20:46
1733,30/01/2015,12:26:56
1734,30/01/2015,12:36:42
1735,30/01/2015,12:59:38
1736,30/01/2015,13:34:18
1737,30/01/2015,13:41:21
1738,30/01/2015,13:46:49
1739,30/01/2015,13:49:56
1740,30/01/2015,14:14:17
1741,30/01/2015,14:19:34
1742,30/01/2015,14:23:30
1743,30/01/2015,14:25:35
1744,30/01/2015,14:26:51
1745,30/01/2015,14:43:16
1746,30/01/2015,15:07:16
1747,30/01/2015,15:17:51
1748,30/01/2015,15:32:57
1749,30/01/2015,16:02:56
1750,30/01/2015,16:12:42
1751,30/01/2015,16:49:58
1752,30/01/2015,16:51:01
1753,30/01/2015,16:53:40
1754,30/01/2015,17:11:32
1755,30/01/2015,17:22:31
1756,30/01/2015,17:30:17
1757,30/01/2015,17:32:30
1758,30/01/2015,17:38:25
1759,30/01/2015,17:49:25
1760,30/01/2015,18:00:46
1761,30/01/2015,18:02:30
1762,30/01/2015,18:14:18
1763,30/01/2015,18:24:28
1764,30/01/2015,18:24:57
1765,30/01/2015,18:32:30
1766,30/01/2015,18:50:13
1767,30/01/2015,19:03:49
1768,30/01/2015,19:28:42
1769,30/01/2015,19:28:51
1770,30/01/2015,19:31:17
1771,30/01/2015,19:46:17
1772,30/01/2015,19:57:11
1773,30/01/2015,20:06:40
1774,30/01/2015,20:07:05
1775,30/01/2015,20:07:17
1776,30/01/2015,20:09:16
1777,30/01/2015,20:11:18
1778,30/01/2015,20:26:02
1779,30/01/2015,20:27:12
1780,30/01/2015,20:54:47
1781,30/01/2015,21:05:03
1782,30/01/2015,21:05:29
1783,30/01/2015,21:05:39
1784,30/01/2015,21:06:05
1785,30/01/2015,21:08:02
1786,30/01/2015,21:20:25
1787,30/01/2015,21:25:54
1788,30/01/2015,21:35:08
1789,30/01/2015,21:49:27
1790,30/01/2015,22:07:03
1791,30/01/2015,22:46:02
1792,31/01/2015,11:31:03
1793,31/01/2015,11:44:04
1794,31/01/2015,11:56:54
1795,31/01/2015,13:21:53
1796,31/01/2015,13:31:47
1797,31/01/2015,13:40:00
1798,31/01/2015,14:03:30
1799,31/01/2015,14:07:32
1800,31/01/2015,14:17:39
1801,31/01/2015,14:37:52
1802,31/01/2015,14:55:20
1803,31/01/2015,15:12:38
1804,31/01/2015,15:44:13
1805,31/01/2015,16:01:42
1806,31/01/2015,16:02:17
1807,31/01/2015,16:07:02
1808,31/01/2015,16:07:49
1809,31/01/2015,16:13:08
1810,31/01/2015,16:16:19
1811,31/01/2015,16:23:44
1812,31/01/2015,17:13:55
1813,31/01/2015,17:21:03
1814,31/01/2015,17:24:47
1815,31/01/2015,17:33:56
1816,31/01/2015,17:59:29
1817,31/01/2015,18:05:04
1818,31/01/2015,18:05:33
1819,31/01/2015,18:06:26
1820,31/01/2015,18:13:57
1821,31/01/2015,18:14:53
1822,31/01/2015,18:17:53
1823,31/01/2015,18:19:33
1824,31/01/2015,18:20:38
1825,31/01/2015,18:22:51
1826,31/01/2015,18:33:05
1827,31/01/2015,18:56:22
1828,31/01/2015,19:12:25
1829,31/01/2015,19:15:50
1830,31/01/2015,19:23:54
1831,31/01/2015,20:02:14
1832,31/01/2015,20:08:22
1833,31/01/2015,20:11:10
1834,31/01/2015,20:26:06
1835,31/01/2015,20:28:11
1836,31/01/2015,20:46:18
1837,31/01/2015,20:56:35
1838,31/01/2015,20:56:38
1839,31/01/2015,20:58:38
1840,31/01/2015,21:01:00
1841,31/01/2015,21:01:18
1842,31/01/2015,21:07:17
1843,31/01/2015,21:28:07
1844,31/01/2015,22:09:40
1845,31/01/2015,22:43:07
1846,01/02/2015,11:32:07
1847,01/02/2015,11:36:27
1848,01/02/2015,11:40:46
1849,01/02/2015,11:40:47
1850,01/02/2015,11:44:12
1851,01/02/2015,11:49:01
1852,01/02/2015,11:54:36
1853,01/02/2015,12:12:59
1854,01/02/2015,12:27:17
1855,01/02/2015,12:28:09
1856,01/02/2015,12:32:48
1857,01/02/2015,12:34:00
1858,01/02/2015,12:43:50
1859,01/02/2015,13:18:55
1860,01/02/2015,13:19:52
1861,01/02/2015,13:21:23
1862,01/02/2015,13:27:02
1863,01/02/2015,13:39:45
1864,01/02/2015,13:46:26
1865,01/02/2015,14:09:37
1866,01/02/2015,14:18:56
1867,01/02/2015,14:35:50
1868,01/02/2015,14:35:56
1869,01/02/2015,14:37:38
1870,01/02/2015,14:45:45
1871,01/02/2015,15:01:40
1872,01/02/2015,15:07:28
1873,01/02/2015,15:09:20
1874,01/02/2015,15:19:35
1875,01/02/2015,15:52:26
1876,01/02/2015,15:56:21
1877,01/02/2015,16:03:52
1878,01/02/2015,16:07:22
1879,01/02/2015,16:14:27
1880,01/02/2015,16:15:40
1881,01/02/2015,16:16:16
1882,01/02/2015,16:18:31
1883,01/02/2015,16:25:39
1884,01/02/2015,16:34:15
1885,01/02/2015,16:34:57
1886,01/02/2015,16:43:54
1887,01/02/2015,16:48:06
1888,01/02/2015,17:01:44
1889,01/02/2015,17:03:26
1890,01/02/2015,17:09:36
1891,01/02/2015,17:11:07
1892,01/02/2015,17:11:28
1893,01/02/2015,17:11:36
1894,01/02/2015,17:13:57
1895,01/02/2015,17:24:50
1896,01/02/2015,17:28:49
1897,01/02/2015,17:32:37
1898,01/02/2015,17:34:26
1899,01/02/2015,17:35:39
1900,01/02/2015,17:42:49
1901,01/02/2015,17:47:51
1902,01/02/2015,17:50:51
1903,01/02/2015,18:06:22
1904,01/02/2015,18:13:17
1905,01/02/2015,18:14:34
1906,01/02/2015,18:17:07
1907,01/02/2015,18:25:35
1908,01/02/2015,18:28:56
1909,01/02/2015,18:45:56
1910,01/02/2015,18:57:06
1911,01/02/2015,19:01:15
1912,01/02/2015,19:01:32
1913,01/02/2015,19:04:46
1914,01/02/2015,19:24:03
1915,01/02/2015,19:24:26
1916,01/02/2015,19:27:59
1917,01/02/2015,19:48:51
1918,01/02/2015,19:50:54
1919,01/02/2015,20:03:59
1920,01/02/2015,20:04:38
1921,01/02/2015,20:07:50
1922,01/02/2015,20:09:20
1923,01/02/2015,20:34:14
1924,01/02/2015,20:40:02
1925,01/02/2015,20:43:56
1926,01/02/2015,21:12:29
1927,01/02/2015,21:31:03
1928,01/02/2015,21:57:20
1929,01/02/2015,22:08:01
1930,01/02/2015,22:11:02
1931,01/02/2015,22:15:43
1932,01/02/2015,22:29:35
1933,02/02/2015,11:17:08
1934,02/02/2015,11:24:45
1935,02/02/2015,11:24:47
1936,02/02/2015,11:34:50
1937,02/02/2015,11:43:47
1938,02/02/2015,11:46:18
1939,02/02/2015,12:29:44
1940,02/02/2015,12:30:48
1941,02/02/2015,12:33:21
1942,02/02/2015,12:38:58
1943,02/02/2015,12:40:35
1944,02/02/2015,12:49:13
1945,02/02/2015,12:50:14
1946,02/02/2015,13:01:49
1947,02/02/2015,13:12:14
1948,02/02/2015,13:13:28
1949,02/02/2015,13:14:06
1950,02/02/2015,13:14:40
1951,02/02/2015,13:39:08
1952,02/02/2015,13:41:46
1953,02/02/2015,13:42:31
1954,02/02/2015,13:53:10
1955,02/02/2015,14:28:24
1956,02/02/2015,14:36:07
1957,02/02/2015,14:50:01
1958,02/02/2015,15:05:43
1959,02/02/2015,15:09:10
1960,02/02/2015,15:15:16
1961,02/02/2015,15:29:57
1962,02/02/2015,15:32:15
1963,02/02/2015,15:59:08
1964,02/02/2015,16:09:42
1965,02/02/2015,16:10:04
1966,02/02/2015,16:14:14
1967,02/02/2015,16:41:43
1968,02/02/2015,16:58:41
1969,02/02/2015,17:10:43
1970,02/02/2015,17:30:16
1971,02/02/2015,17:31:16
1972,02/02/2015,17:35:29
1973,02/02/2015,17:48:51
1974,02/02/2015,17:49:37
1975,02/02/2015,18:07:34
1976,02/02/2015,18:25:11
1977,02/02/2015,18:27:37
1978,02/02/2015,19:03:28
1979,02/02/2015,19:05:23
1980,02/02/2015,19:07:15
1981,02/02/2015,19:10:40
1982,02/02/2015,19:36:26
1983,02/02/2015,19:39:08
1984,02/02/2015,19:50:13
1985,02/02/2015,20:00:05
1986,02/02/2015,20:07:17
1987,02/02/2015,20:09:54
1988,02/02/2015,20:46:01
1989,02/02/2015,21:15:17
1990,02/02/2015,21:22:35
1991,02/02/2015,21:47:12
1992,02/02/2015,21:48:32
1993,02/02/2015,22:07:29
1994,02/02/2015,22:08:10
1995,02/02/2015,22:19:33
1996,03/02/2015,11:25:25
1997,03/02/2015,11:35:10
1998,03/02/2015,11:47:03
1999,03/02/2015,12:07:51
2000,03/02/2015,12:14:27
2001,03/02/2015,12:20:45
2002,03/02/2015,12:21:10
2003,03/02/2015,12:21:25
2004,03/02/2015,12:24:06
2005,03/02/2015,12:32:02
2006,03/02/2015,12:35:28
2007,03/02/2015,12:37:21
2008,03/02/2015,12:47:12
2009,03/02/2015,12:55:07
2010,03/02/2015,13:00:41
2011,03/02/2015,13:01:28
2012,03/02/2015,13:19:00
2013,03/02/2015,13:20:46
2014,03/02/2015,13:23:13
2015,03/02/2015,13:23:49
2016,03/02/2015,13:47:00
2017,03/02/2015,13:51:56
2018,03/02/2015,14:06:04
2019,03/02/2015,14:14:03
2020,03/02/2015,14:14:05
2021,03/02/2015,14:25:13
2022,03/02/2015,14:36:36
2023,03/02/2015,15:05:28
2024,03/02/2015,16:04:02
2025,03/02/2015,16:11:01
2026,03/02/2015,16:11:48
2027,03/02/2015,16:20:30
2028,03/02/2015,16:38:16
2029,03/02/2015,16:47:49
2030,03/02/2015,16:50:44
2031,03/02/2015,16:51:05
2032,03/02/2015,17:12:51
2033,03/02/2015,17:13:15
2034,03/02/2015,17:15:18
2035,03/02/2015,17:16:16
2036,03/02/2015,17:17:29
2037,03/02/2015,17:30:57
2038,03/02/2015,17:31:35
2039,03/02/2015,17:36:07
2040,03/02/2015,17:36:45
2041,03/02/2015,17:40:35
2042,03/02/2015,18:01:43
2043,03/02/2015,18:23:13
2044,03/02/2015,18:33:46
2045,03/02/2015,18:46:11
2046,03/02/2015,18:46:54
2047,03/02/2015,18:47:08
2048,03/02/2015,18:48:26
2049,03/02/2015,19:00:24
2050,03/02/2015,19:20:46
2051,03/02/2015,19:51:00
2052,03/02/2015,19:54:31
2053,03/02/2015,20:42:43
2054,03/02/2015,20:46:45
2055,03/02/2015,20:59:30
2056,03/02/2015,21:05:04
2057,03/02/2015,21:11:26
2058,04/02/2015,11:19:17
2059,04/02/2015,11:41:34
2060,04/02/2015,11:45:09
2061,04/02/2015,11:49:00
2062,04/02/2015,11:56:32
2063,04/02/2015,12:25:02
2064,04/02/2015,12:26:39
2065,04/02/2015,12:27:21
2066,04/02/2015,12:44:20
2067,04/02/2015,12:47:00
2068,04/02/2015,12:49:48
2069,04/02/2015,12:58:32
2070,04/02/2015,13:00:47
2071,04/02/2015,13:06:29
2072,04/02/2015,13:08:24
2073,04/02/2015,13:35:51
2074,04/02/2015,13:41:08
2075,04/02/2015,14:03:04
2076,04/02/2015,14:11:44
2077,04/02/2015,14:31:27
2078,04/02/2015,14:49:29
2079,04/02/2015,14:57:11
2080,04/02/2015,14:58:48
2081,04/02/2015,15:14:39
2082,04/02/2015,15:16:20
2083,04/02/2015,15:40:20
2084,04/02/2015,16:06:23
2085,04/02/2015,16:16:36
2086,04/02/2015,16:38:50
2087,04/02/2015,16:39:18
2088,04/02/2015,16:48:57
2089,04/02/2015,17:05:16
2090,04/02/2015,17:17:07
2091,04/02/2015,17:17:43
2092,04/02/2015,17:31:43
2093,04/02/2015,17:33:29
2094,04/02/2015,17:35:45
2095,04/02/2015,17:49:55
2096,04/02/2015,18:11:16
2097,04/02/2015,18:13:32
2098,04/02/2015,18:16:27
2099,04/02/2015,18:44:17
2100,04/02/2015,18:46:03
2101,04/02/2015,19:27:08
2102,04/02/2015,19:30:52
2103,04/02/2015,19:38:28
2104,04/02/2015,20:09:43
2105,04/02/2015,20:22:27
2106,04/02/2015,20:54:54
2107,04/02/2015,21:01:41
2108,04/02/2015,21:05:07
2109,04/02/2015,21:13:14
2110,04/02/2015,21:16:34
2111,04/02/2015,21:28:44
2112,04/02/2015,22:07:51
2113,04/02/2015,22:16:08
2114,04/02/2015,22:26:28
2115,05/02/2015,11:15:19
2116,05/02/2015,12:11:52
2117,05/02/2015,12:20:33
2118,05/02/2015,12:24:57
2119,05/02/2015,12:30:46
2120,05/02/2015,12:47:12
2121,05/02/2015,12:50:51
2122,05/02/2015,12:52:55
2123,05/02/2015,12:54:56
2124,05/02/2015,12:56:27
2125,05/02/2015,13:06:10
2126,05/02/2015,13:31:29
2127,05/02/2015,13:42:16
2128,05/02/2015,13:42:50
2129,05/02/2015,13:48:38
2130,05/02/2015,14:17:14
2131,05/02/2015,14:17:24
2132,05/02/2015,14:18:04
2133,05/02/2015,14:18:52
2134,05/02/2015,14:36:32
2135,05/02/2015,14:38:28
2136,05/02/2015,14:54:49
2137,05/02/2015,15:00:15
2138,05/02/2015,15:08:13
2139,05/02/2015,15:41:58
2140,05/02/2015,16:55:35
2141,05/02/2015,17:00:13
2142,05/02/2015,17:36:09
2143,05/02/2015,17:44:52
2144,05/02/2015,17:48:08
2145,05/02/2015,17:57:12
2146,05/02/2015,18:04:19
2147,05/02/2015,18:11:25
2148,05/02/2015,18:15:37
2149,05/02/2015,18:19:51
2150,05/02/2015,18:22:25
2151,05/02/2015,18:22:28
2152,05/02/2015,18:35:11
2153,05/02/2015,18:38:01
2154,05/02/2015,18:55:27
2155,05/02/2015,18:59:56
2156,05/02/2015,19:29:29
2157,05/02/2015,19:39:29
2158,05/02/2015,19:49:47
2159,05/02/2015,19:55:12
2160,05/02/2015,20:01:50
2161,05/02/2015,20:10:24
2162,05/02/2015,20:15:06
2163,05/02/2015,20:18:08
2164,05/02/2015,20:23:49
2165,05/02/2015,20:29:51
2166,05/02/2015,20:41:36
2167,05/02/2015,20:56:14
2168,05/02/2015,20:59:08
2169,05/02/2015,21:23:02
2170,05/02/2015,21:34:23
2171,05/02/2015,21:48:24
2172,05/02/2015,21:51:44
2173,05/02/2015,21:56:42
2174,05/02/2015,22:00:17
2175,06/02/2015,11:16:08
2176,06/02/2015,11:18:53
2177,06/02/2015,11:25:48
2178,06/02/2015,11:32:25
2179,06/02/2015,11:54:09
2180,06/02/2015,11:59:14
2181,06/02/2015,12:06:15
2182,06/02/2015,12:22:30
2183,06/02/2015,12:25:17
2184,06/02/2015,12:40:25
2185,06/02/2015,12:54:25
2186,06/02/2015,13:03:16
2187,06/02/2015,13:10:13
2188,06/02/2015,13:13:33
2189,06/02/2015,13:14:59
2190,06/02/2015,13:19:45
2191,06/02/2015,13:19:59
2192,06/02/2015,13:20:41
2193,06/02/2015,13:21:21
2194,06/02/2015,13:22:11
2195,06/02/2015,13:39:29
2196,06/02/2015,13:45:32
2197,06/02/2015,14:01:18
2198,06/02/2015,14:13:09
2199,06/02/2015,14:36:06
2200,06/02/2015,15:21:45
2201,06/02/2015,15:24:02
2202,06/02/2015,15:31:14
2203,06/02/2015,16:11:41
2204,06/02/2015,16:28:46
2205,06/02/2015,16:39:28
2206,06/02/2015,16:59:29
2207,06/02/2015,17:00:57
2208,06/02/2015,17:10:44
2209,06/02/2015,17:11:37
2210,06/02/2015,17:24:07
2211,06/02/2015,17:30:36
2212,06/02/2015,17:52:48
2213,06/02/2015,17:53:26
2214,06/02/2015,17:57:31
2215,06/02/2015,18:07:53
2216,06/02/2015,18:10:26
2217,06/02/2015,18:21:44
2218,06/02/2015,18:29:00
2219,06/02/2015,18:41:54
2220,06/02/2015,18:46:32
2221,06/02/2015,18:47:16
2222,06/02/2015,18:51:55
2223,06/02/2015,19:02:30
2224,06/02/2015,19:02:49
2225,06/02/2015,19:23:26
2226,06/02/2015,19:29:57
2227,06/02/2015,19:43:48
2228,06/02/2015,20:04:33
2229,06/02/2015,20:16:54
2230,06/02/2015,20:41:12
2231,06/02/2015,20:42:58
2232,06/02/2015,20:50:02
2233,06/02/2015,21:07:01
2234,06/02/2015,21:17:17
2235,06/02/2015,21:26:37
2236,06/02/2015,21:32:03
2237,06/02/2015,21:37:09
2238,06/02/2015,21:38:28
2239,06/02/2015,22:09:09
2240,06/02/2015,22:22:17
2241,07/02/2015,11:40:43
2242,07/02/2015,11:57:32
2243,07/02/2015,12:22:59
2244,07/02/2015,12:24:36
2245,07/02/2015,12:30:31
2246,07/02/2015,12:52:30
2247,07/02/2015,13:15:55
2248,07/02/2015,13:22:06
2249,07/02/2015,13:24:15
2250,07/02/2015,13:31:14
2251,07/02/2015,13:58:00
2252,07/02/2015,14:32:17
2253,07/02/2015,14:54:01
2254,07/02/2015,15:00:58
2255,07/02/2015,15:15:54
2256,07/02/2015,15:22:04
2257,07/02/2015,15:28:55
2258,07/02/2015,15:34:05
2259,07/02/2015,15:41:25
2260,07/02/2015,15:43:28
2261,07/02/2015,15:48:00
2262,07/02/2015,16:36:54
2263,07/02/2015,16:42:45
2264,07/02/2015,16:46:03
2265,07/02/2015,17:05:42
2266,07/02/2015,17:20:38
2267,07/02/2015,17:22:30
2268,07/02/2015,17:27:05
2269,07/02/2015,17:40:20
2270,07/02/2015,17:57:15
2271,07/02/2015,18:09:56
2272,07/02/2015,18:17:46
2273,07/02/2015,18:31:29
2274,07/02/2015,18:35:51
2275,07/02/2015,18:42:49
2276,07/02/2015,18:44:16
2277,07/02/2015,18:53:49
2278,07/02/2015,19:02:51
2279,07/02/2015,19:13:49
2280,07/02/2015,19:14:00
2281,07/02/2015,19:15:58
2282,07/02/2015,19:33:21
2283,07/02/2015,19:34:04
2284,07/02/2015,19:35:53
2285,07/02/2015,19:38:29
2286,07/02/2015,19:42:45
2287,07/02/2015,20:13:16
2288,07/02/2015,20:20:41
2289,07/02/2015,20:29:43
2290,07/02/2015,20:47:23
2291,07/02/2015,20:55:05
2292,07/02/2015,20:57:53
2293,07/02/2015,21:14:52
2294,07/02/2015,21:16:09
2295,07/02/2015,21:21:53
2296,07/02/2015,21:24:01
2297,07/02/2015,21:35:12
2298,07/02/2015,21:40:33
2299,07/02/2015,21:55:00
2300,07/02/2015,21:59:07
2301,07/02/2015,22:10:57
2302,08/02/2015,11:46:15
2303,08/02/2015,12:10:20
2304,08/02/2015,12:22:04
2305,08/02/2015,12:27:40
2306,08/02/2015,12:45:27
2307,08/02/2015,12:51:06
2308,08/02/2015,13:03:37
2309,08/02/2015,13:06:36
2310,08/02/2015,13:38:04
2311,08/02/2015,13:38:52
2312,08/02/2015,14:10:27
2313,08/02/2015,14:12:59
2314,08/02/2015,14:25:11
2315,08/02/2015,14:33:52
2316,08/02/2015,14:37:47
2317,08/02/2015,14:49:35
2318,08/02/2015,15:00:00
2319,08/02/2015,15:10:49
2320,08/02/2015,15:27:41
2321,08/02/2015,15:33:33
2322,08/02/2015,15:46:13
2323,08/02/2015,16:07:18
2324,08/02/2015,16:16:21
2325,08/02/2015,16:28:32
2326,08/02/2015,16:28:40
2327,08/02/2015,16:58:21
2328,08/02/2015,17:02:47
2329,08/02/2015,17:19:00
2330,08/02/2015,17:19:54
2331,08/02/2015,17:20:08
2332,08/02/2015,17:53:01
2333,08/02/2015,18:02:00
2334,08/02/2015,18:06:04
2335,08/02/2015,18:20:27
2336,08/02/2015,18:24:31
2337,08/02/2015,18:50:18
2338,08/02/2015,18:51:54
2339,08/02/2015,18:54:41
2340,08/02/2015,18:59:56
2341,08/02/2015,19:07:53
2342,08/02/2015,19:12:49
2343,08/02/2015,19:20:14
2344,08/02/2015,20:20:37
2345,08/02/2015,20:20:51
2346,08/02/2015,20:25:39
2347,08/02/2015,20:28:32
2348,08/02/2015,20:58:36
2349,08/02/2015,20:59:06
2350,08/02/2015,21:21:37
2351,08/02/2015,21:52:14
2352,08/02/2015,22:21:27
2353,08/02/2015,22:23:41
2354,08/02/2015,22:36:28
2355,09/02/2015,11:26:25
2356,09/02/2015,11:31:10
2357,09/02/2015,11:44:49
2358,09/02/2015,12:13:41
2359,09/02/2015,12:16:09
2360,09/02/2015,12:19:47
2361,09/02/2015,12:23:58
2362,09/02/2015,12:30:05
2363,09/02/2015,12:35:50
2364,09/02/2015,12:52:36
2365,09/02/2015,13:02:33
2366,09/02/2015,13:07:01
2367,09/02/2015,13:08:29
2368,09/02/2015,13:35:05
2369,09/02/2015,14:00:19
2370,09/02/2015,14:00:23
2371,09/02/2015,14:00:40
2372,09/02/2015,14:04:34
2373,09/02/2015,14:29:17
2374,09/02/2015,14:35:54
2375,09/02/2015,15:14:42
2376,09/02/2015,15:25:59
2377,09/02/2015,15:26:16
2378,09/02/2015,16:05:30
2379,09/02/2015,16:18:14
2380,09/02/2015,16:22:26
2381,09/02/2015,16:49:40
2382,09/02/2015,17:09:34
2383,09/02/2015,17:12:03
2384,09/02/2015,17:17:07
2385,09/02/2015,17:23:46
2386,09/02/2015,17:36:17
2387,09/02/2015,17:38:39
2388,09/02/2015,17:46:35
2389,09/02/2015,17:57:51
2390,09/02/2015,18:02:29
2391,09/02/2015,18:05:26
2392,09/02/2015,18:05:44
2393,09/02/2015,18:06:54
2394,09/02/2015,18:14:43
2395,09/02/2015,18:33:38
2396,09/02/2015,18:34:07
2397,09/02/2015,18:35:19
2398,09/02/2015,18:53:44
2399,09/02/2015,19:00:56
2400,09/02/2015,19:30:28
2401,09/02/2015,19:33:50
2402,09/02/2015,19:38:23
2403,09/02/2015,19:54:24
2404,09/02/2015,20:09:44
2405,09/02/2015,20:38:13
2406,09/02/2015,21:08:21
2407,09/02/2015,21:51:59
2408,09/02/2015,22:01:04
2409,10/02/2015,11:28:16
2410,10/02/2015,11:43:09
2411,10/02/2015,11:53:29
2412,10/02/2015,12:09:03
2413,10/02/2015,12:10:19
2414,10/02/2015,12:10:37
2415,10/02/2015,12:34:39
2416,10/02/2015,12:37:42
2417,10/02/2015,12:38:36
2418,10/02/2015,12:40:03
2419,10/02/2015,12:41:17
2420,10/02/2015,12:43:17
2421,10/02/2015,12:48:04
2422,10/02/2015,12:58:32
2423,10/02/2015,13:04:06
2424,10/02/2015,13:04:23
2425,10/02/2015,13:17:12
2426,10/02/2015,13:37:25
2427,10/02/2015,13:42:50
2428,10/02/2015,13:45:23
2429,10/02/2015,13:49:59
2430,10/02/2015,13:54:52
2431,10/02/2015,14:06:28
2432,10/02/2015,14:11:49
2433,10/02/2015,14:23:45
2434,10/02/2015,14:25:40
2435,10/02/2015,14:28:48
2436,10/02/2015,14:58:42
2437,10/02/2015,15:01:08
2438,10/02/2015,15:31:30
2439,10/02/2015,16:43:26
2440,10/02/2015,16:43:55
2441,10/02/2015,16:49:23
2442,10/02/2015,16:49:38
2443,10/02/2015,16:54:05
2444,10/02/2015,17:02:57
2445,10/02/2015,17:10:46
2446,10/02/2015,17:19:06
2447,10/02/2015,17:20:30
2448,10/02/2015,17:26:11
2449,10/02/2015,17:51:44
2450,10/02/2015,17:55:50
2451,10/02/2015,17:58:53
2452,10/02/2015,18:09:01
2453,10/02/2015,18:51:01
2454,10/02/2015,19:00:37
2455,10/02/2015,19:07:28
2456,10/02/2015,19:19:00
2457,10/02/2015,20:01:34
2458,10/02/2015,20:09:17
2459,10/02/2015,20:12:30
2460,10/02/2015,20:13:13
2461,10/02/2015,20:14:23
2462,10/02/2015,20:18:10
2463,10/02/2015,20:20:20
2464,10/02/2015,20:20:24
2465,10/02/2015,20:33:37
2466,10/02/2015,21:11:59
2467,10/02/2015,21:35:04
2468,11/02/2015,11:44:12
2469,11/02/2015,11:44:58
2470,11/02/2015,11:46:05
2471,11/02/2015,11:48:07
2472,11/02/2015,11:53:20
2473,11/02/2015,12:00:54
2474,11/02/2015,12:02:54
2475,11/02/2015,12:08:37
2476,11/02/2015,12:11:27
2477,11/02/2015,12:20:06
2478,11/02/2015,12:27:39
2479,11/02/2015,12:35:27
2480,11/02/2015,12:42:27
2481,11/02/2015,12:54:36
2482,11/02/2015,12:55:29
2483,11/02/2015,12:56:55
2484,11/02/2015,13:14:20
2485,11/02/2015,13:22:08
2486,11/02/2015,13:30:45
2487,11/02/2015,13:34:18
2488,11/02/2015,13:43:20
2489,11/02/2015,13:52:56
2490,11/02/2015,13:58:36
2491,11/02/2015,14:00:00
2492,11/02/2015,14:20:32
2493,11/02/2015,14:40:54
2494,11/02/2015,14:41:21
2495,11/02/2015,14:50:55
2496,11/02/2015,15:02:30
2497,11/02/2015,15:12:46
2498,11/02/2015,15:23:21
2499,11/02/2015,16:34:30
2500,11/02/2015,17:00:13